"Series ID","Date","Value","Annual Per Change","Monhtly","3 Months","Half Year","Yoy %"
"CUSR0000SA0","August 1 2025","323.364","2.9","0.4","0.9","1.1","2.9"
"CUSR0000SA0","July 1 2025","322.132","2.7","0.2","0.6","1.0","2.7"
"CUSR0000SA0","June 1 2025","321.500","2.7","0.3","0.6","1.2","2.7"
"CUSR0000SA0","May 1 2025","320.580","2.4","0.1","0.3","1.3","2.4"
"CUSR0000SA0","April 1 2025","320.321","2.3","0.2","0.4","1.5","2.3"
"CUSR0000SA0","March 1 2025","319.615","2.4","-0.1","0.6","1.5","2.4"
"CUSR0000SA0","February 1 2025","319.775","2.8","0.2","1.1","1.8","2.8"
"CUSR0000SA0","January 1 2025","319.086","3.0","0.5","1.1","1.8","3.0"
"CUSR0000SA0","December 1 2024","317.603","2.9","0.4","0.9","1.4","2.9"
"CUSR0000SA0","November 1 2024","316.449","2.7","0.3","0.7","1.1","2.7"
"CUSR0000SA0","October 1 2024","315.564","2.6","0.2","0.6","0.8","2.6"
"CUSR0000SA0","September 1 2024","314.851","2.4","0.2","0.5","0.9","2.4"
"CUSR0000SA0","August 1 2024","314.131","2.6","0.2","0.3","1.0","2.6"
"CUSR0000SA0","July 1 2024","313.566","2.9","0.1","0.2","1.2","2.9"
"CUSR0000SA0","June 1 2024","313.131","3.0","0.0","0.3","1.4","3.0"
"CUSR0000SA0","May 1 2024","313.140","3.2","0.0","0.7","1.6","3.2"
"CUSR0000SA0","April 1 2024","313.016","3.4","0.3","1.0","1.7","3.4"
"CUSR0000SA0","March 1 2024","312.107","3.5","0.3","1.1","1.5","3.5"
"CUSR0000SA0","February 1 2024","311.022","3.2","0.4","1.0","1.6","3.2"
"CUSR0000SA0","January 1 2024","309.794","3.1","0.3","0.7","1.7","3.1"
"CUSR0000SA0","December 1 2023","308.735","3.3","0.2","0.4","1.5","3.3"
"CUSR0000SA0","November 1 2023","308.087","3.1","0.1","0.6","1.6","3.1"
"CUSR0000SA0","October 1 2023","307.653","3.2","0.1","1.0","1.6","3.2"
"CUSR0000SA0","September 1 2023","307.374","3.7","0.4","1.1","1.9","3.7"
"CUSR0000SA0","August 1 2023","306.138","3.7","0.5","0.9","1.5","3.7"
"CUSR0000SA0","July 1 2023","304.615","3.3","0.2","0.6","1.4","3.3"
"CUSR0000SA0","June 1 2023","304.099","3.1","0.3","0.8","1.8","3.1"
"CUSR0000SA0","May 1 2023","303.316","4.1","0.2","0.6","1.5","4.1"
"CUSR0000SA0","April 1 2023","302.858","4.9","0.4","0.8","1.6","4.9"
"CUSR0000SA0","March 1 2023","301.643","4.9","0.1","0.9","1.8","4.9"
"CUSR0000SA0","February 1 2023","301.476","6.0","0.3","0.9","2.1","6.0"
"CUSR0000SA0","January 1 2023","300.456","6.3","0.6","0.8","1.9","6.3"
"CUSR0000SA0","December 1 2022","298.808","6.4","0.0","0.8","1.3","6.4"
"CUSR0000SA0","November 1 2022","298.708","7.1","0.2","1.2","2.5","7.1"
"CUSR0000SA0","October 1 2022","297.979","7.8","0.5","1.0","3.3","7.8"
"CUSR0000SA0","September 1 2022","296.421","8.2","0.4","0.5","3.1","8.2"
"CUSR0000SA0","August 1 2022","295.162","8.2","0.1","1.3","3.7","8.2"
"CUSR0000SA0","July 1 2022","294.940","8.4","0.0","2.2","4.4","8.4"
"CUSR0000SA0","June 1 2022","295.072","9.0","1.3","2.6","5.1","9.0"
"CUSR0000SA0","May 1 2022","291.299","8.5","0.9","2.4","4.5","8.5"
"CUSR0000SA0","April 1 2022","288.582","8.2","0.4","2.1","4.4","8.2"
"CUSR0000SA0","March 1 2022","287.467","8.5","1.0","2.4","4.9","8.5"
"CUSR0000SA0","February 1 2022","284.525","7.9","0.7","2.0","4.3","7.9"
"CUSR0000SA0","January 1 2022","282.542","7.6","0.6","2.2","3.9","7.6"
"CUSR0000SA0","December 1 2021","280.806","7.2","0.7","2.5","3.7","7.2"
"CUSR0000SA0","November 1 2021","278.824","6.9","0.8","2.2","3.9","6.9"
"CUSR0000SA0","October 1 2021","276.528","6.2","0.9","1.7","3.7","6.2"
"CUSR0000SA0","September 1 2021","273.942","5.4","0.4","1.2","3.4","5.4"
"CUSR0000SA0","August 1 2021","272.752","5.2","0.3","1.6","3.5","5.2"
"CUSR0000SA0","July 1 2021","271.965","5.3","0.5","2.0","3.6","5.3"
"CUSR0000SA0","June 1 2021","270.710","5.3","0.9","2.2","3.3","5.3"
"CUSR0000SA0","May 1 2021","268.404","4.9","0.7","1.8","2.9","4.9"
"CUSR0000SA0","April 1 2021","266.625","4.1","0.7","1.5","2.4","4.1"
"CUSR0000SA0","March 1 2021","264.847","2.6","0.5","1.1","1.9","2.6"
"CUSR0000SA0","February 1 2021","263.573","1.7","0.4","1.0","1.6","1.7"
"CUSR0000SA0","January 1 2021","262.639","1.4","0.2","0.9","1.7","1.4"
"CUSR0000SA0","December 1 2020","262.045","1.3","0.4","0.8","1.9","1.3"
"CUSR0000SA0","November 1 2020","260.911","1.2","0.2","0.6","2.0","1.2"
"CUSR0000SA0","October 1 2020","260.319","1.2","0.1","0.8","1.7","1.2"
"CUSR0000SA0","September 1 2020","259.997","1.4","0.3","1.1","0.7","1.4"
"CUSR0000SA0","August 1 2020","259.316","1.3","0.4","1.4","0.0","1.3"
"CUSR0000SA0","July 1 2020","258.352","1.0","0.5","0.9","-0.3","1.0"
"CUSR0000SA0","June 1 2020","257.042","0.7","0.5","-0.4","-0.6","0.7"
"CUSR0000SA0","May 1 2020","255.802","0.2","-0.1","-1.3","-0.8","0.2"
"CUSR0000SA0","April 1 2020","256.032","0.3","-0.8","-1.2","-0.4","0.3"
"CUSR0000SA0","March 1 2020","258.076","1.5","-0.5","-0.2","0.6","1.5"
"CUSR0000SA0","February 1 2020","259.250","2.3","0.0","0.5","1.3","2.3"
"CUSR0000SA0","January 1 2020","259.127","2.6","0.2","0.8","1.3","2.6"
"CUSR0000SA0","December 1 2019","258.630","2.3","0.3","0.9","1.3","2.3"
"CUSR0000SA0","November 1 2019","257.879","2.1","0.3","0.7","1.0","2.1"
"CUSR0000SA0","October 1 2019","257.155","1.7","0.3","0.5","0.8","1.7"
"CUSR0000SA0","September 1 2019","256.430","1.7","0.2","0.5","0.8","1.7"
"CUSR0000SA0","August 1 2019","256.036","1.7","0.1","0.3","1.1","1.7"
"CUSR0000SA0","July 1 2019","255.802","1.8","0.2","0.2","1.3","1.8"
"CUSR0000SA0","June 1 2019","255.213","1.7","0.0","0.4","1.0","1.7"
"CUSR0000SA0","May 1 2019","255.296","1.8","0.0","0.8","1.1","1.8"
"CUSR0000SA0","April 1 2019","255.233","2.0","0.4","1.1","1.0","2.0"
"CUSR0000SA0","March 1 2019","254.277","1.9","0.4","0.6","0.8","1.9"
"CUSR0000SA0","February 1 2019","253.319","1.5","0.3","0.3","0.7","1.5"
"CUSR0000SA0","January 1 2019","252.561","1.5","-0.1","-0.1","0.5","1.5"
"CUSR0000SA0","December 1 2018","252.767","2.0","0.1","0.2","0.7","2.0"
"CUSR0000SA0","November 1 2018","252.594","2.1","-0.1","0.4","0.7","2.1"
"CUSR0000SA0","October 1 2018","252.772","2.5","0.2","0.6","1.0","2.5"
"CUSR0000SA0","September 1 2018","252.182","2.3","0.2","0.5","1.0","2.3"
"CUSR0000SA0","August 1 2018","251.663","2.6","0.2","0.3","0.9","2.6"
"CUSR0000SA0","July 1 2018","251.214","2.9","0.1","0.4","0.9","2.9"
"CUSR0000SA0","June 1 2018","251.018","2.8","0.1","0.6","1.3","2.8"
"CUSR0000SA0","May 1 2018","250.792","2.8","0.2","0.5","1.4","2.8"
"CUSR0000SA0","April 1 2018","250.227","2.5","0.3","0.5","1.5","2.5"
"CUSR0000SA0","March 1 2018","249.577","2.3","0.0","0.7","1.3","2.3"
"CUSR0000SA0","February 1 2018","249.529","2.3","0.3","0.9","1.8","2.3"
"CUSR0000SA0","January 1 2018","248.859","2.2","0.4","0.9","1.9","2.2"
"CUSR0000SA0","December 1 2017","247.805","2.1","0.2","0.6","1.5","2.1"
"CUSR0000SA0","November 1 2017","247.284","2.2","0.3","0.9","1.3","2.2"
"CUSR0000SA0","October 1 2017","246.626","2.0","0.1","1.0","1.0","2.0"
"CUSR0000SA0","September 1 2017","246.435","2.2","0.5","0.9","1.0","2.2"
"CUSR0000SA0","August 1 2017","245.183","1.9","0.4","0.5","0.5","1.9"
"CUSR0000SA0","July 1 2017","244.243","1.7","0.0","0.0","0.3","1.7"
"CUSR0000SA0","June 1 2017","244.163","1.6","0.1","0.1","0.6","1.6"
"CUSR0000SA0","May 1 2017","244.004","1.9","-0.1","0.0","0.8","1.9"
"CUSR0000SA0","April 1 2017","244.193","2.2","0.1","0.2","1.0","2.2"
"CUSR0000SA0","March 1 2017","243.892","2.4","0.0","0.5","1.1","2.4"
"CUSR0000SA0","February 1 2017","244.006","2.8","0.2","0.8","1.4","2.8"
"CUSR0000SA0","January 1 2017","243.618","2.5","0.4","0.8","1.5","2.5"
"CUSR0000SA0","December 1 2016","242.637","2.1","0.3","0.6","1.0","2.1"
"CUSR0000SA0","November 1 2016","242.026","1.7","0.1","0.6","1.0","1.7"
"CUSR0000SA0","October 1 2016","241.741","1.7","0.2","0.7","1.2","1.7"
"CUSR0000SA0","September 1 2016","241.176","1.5","0.3","0.4","1.3","1.5"
"CUSR0000SA0","August 1 2016","240.545","1.1","0.2","0.4","1.4","1.1"
"CUSR0000SA0","July 1 2016","240.101","0.9","-0.1","0.5","1.0","0.9"
"CUSR0000SA0","June 1 2016","240.222","1.1","0.3","0.9","1.0","1.1"
"CUSR0000SA0","May 1 2016","239.557","1.1","0.2","0.9","0.6","1.1"
"CUSR0000SA0","April 1 2016","238.992","1.2","0.4","0.6","0.5","1.2"
"CUSR0000SA0","March 1 2016","238.080","0.9","0.3","0.1","0.2","0.9"
"CUSR0000SA0","February 1 2016","237.336","0.8","-0.1","-0.3","-0.3","0.8"
"CUSR0000SA0","January 1 2016","237.652","1.2","0.0","0.0","-0.2","1.2"
"CUSR0000SA0","December 1 2015","237.761","0.6","-0.1","0.1","0.0","0.6"
"CUSR0000SA0","November 1 2015","238.017","0.4","0.1","0.0","0.4","0.4"
"CUSR0000SA0","October 1 2015","237.733","0.1","0.1","-0.1","0.6","0.1"
"CUSR0000SA0","September 1 2015","237.498","0.0","-0.2","-0.1","0.6","0.0"
"CUSR0000SA0","August 1 2015","238.033","0.2","0.0","0.4","1.1","0.2"
"CUSR0000SA0","July 1 2015","238.034","0.2","0.2","0.8","1.4","0.2"
"CUSR0000SA0","June 1 2015","237.657","0.2","0.3","0.7","0.6","0.2"
"CUSR0000SA0","May 1 2015","237.001","0.0","0.3","0.7","0.0","0.0"
"CUSR0000SA0","April 1 2015","236.222","-0.1","0.1","0.6","-0.5","-0.1"
"CUSR0000SA0","March 1 2015","235.976","0.0","0.3","-0.1","-0.6","0.0"
"CUSR0000SA0","February 1 2015","235.342","-0.1","0.3","-0.7","-0.9","-0.1"
"CUSR0000SA0","January 1 2015","234.747","-0.2","-0.6","-1.1","-1.2","-0.2"
"CUSR0000SA0","December 1 2014","236.252","0.7","-0.3","-0.5","-0.4","0.7"
"CUSR0000SA0","November 1 2014","236.983","1.2","-0.2","-0.2","0.0","1.2"
"CUSR0000SA0","October 1 2014","237.430","1.6","0.0","0.0","0.4","1.6"
"CUSR0000SA0","September 1 2014","237.477","1.7","0.0","0.1","0.6","1.7"
"CUSR0000SA0","August 1 2014","237.460","1.7","0.0","0.2","0.8","1.7"
"CUSR0000SA0","July 1 2014","237.498","2.0","0.1","0.4","0.9","2.0"
"CUSR0000SA0","June 1 2014","237.231","2.1","0.1","0.5","1.1","2.1"
"CUSR0000SA0","May 1 2014","236.918","2.2","0.2","0.6","1.2","2.2"
"CUSR0000SA0","April 1 2014","236.468","2.0","0.2","0.5","1.2","2.0"
"CUSR0000SA0","March 1 2014","236.028","1.6","0.2","0.6","1.1","1.6"
"CUSR0000SA0","February 1 2014","235.547","1.1","0.1","0.6","0.9","1.1"
"CUSR0000SA0","January 1 2014","235.288","1.6","0.2","0.7","1.0","1.6"
"CUSR0000SA0","December 1 2013","234.719","1.5","0.3","0.5","1.0","1.5"
"CUSR0000SA0","November 1 2013","234.100","1.2","0.2","0.3","1.0","1.2"
"CUSR0000SA0","October 1 2013","233.669","0.9","0.1","0.3","0.8","0.9"
"CUSR0000SA0","September 1 2013","233.544","1.1","0.0","0.5","0.5","1.1"
"CUSR0000SA0","August 1 2013","233.456","1.5","0.2","0.7","0.2","1.5"
"CUSR0000SA0","July 1 2013","232.900","1.9","0.2","0.5","0.5","1.9"
"CUSR0000SA0","June 1 2013","232.445","1.7","0.2","0.1","0.5","1.7"
"CUSR0000SA0","May 1 2013","231.893","1.4","0.0","-0.4","0.3","1.4"
"CUSR0000SA0","April 1 2013","231.797","1.1","-0.2","0.1","0.1","1.1"
"CUSR0000SA0","March 1 2013","232.282","1.5","-0.3","0.5","0.5","1.5"
"CUSR0000SA0","February 1 2013","232.937","2.0","0.5","0.7","1.3","2.0"
"CUSR0000SA0","January 1 2013","231.679","1.7","0.2","0.0","1.4","1.7"
"CUSR0000SA0","December 1 2012","231.221","1.8","0.0","0.1","1.2","1.8"
"CUSR0000SA0","November 1 2012","231.249","1.8","-0.2","0.6","1.1","1.8"
"CUSR0000SA0","October 1 2012","231.638","2.2","0.3","1.3","1.1","2.2"
"CUSR0000SA0","September 1 2012","231.015","1.9","0.5","1.1","1.0","1.9"
"CUSR0000SA0","August 1 2012","229.918","1.7","0.6","0.5","0.7","1.7"
"CUSR0000SA0","July 1 2012","228.590","1.4","0.0","-0.3","0.3","1.4"
"CUSR0000SA0","June 1 2012","228.524","1.7","-0.1","-0.1","0.6","1.7"
"CUSR0000SA0","May 1 2012","228.713","1.7","-0.2","0.2","0.7","1.7"
"CUSR0000SA0","April 1 2012","229.187","2.3","0.2","0.6","1.1","2.3"
"CUSR0000SA0","March 1 2012","228.807","2.6","0.2","0.7","1.0","2.6"
"CUSR0000SA0","February 1 2012","228.329","2.9","0.2","0.5","1.0","2.9"
"CUSR0000SA0","January 1 2012","227.842","3.0","0.3","0.5","1.1","3.0"
"CUSR0000SA0","December 1 2011","227.223","3.1","0.0","0.3","1.1","3.1"
"CUSR0000SA0","November 1 2011","227.169","3.5","0.2","0.5","1.1","3.5"
"CUSR0000SA0","October 1 2011","226.750","3.5","0.1","0.6","1.2","3.5"
"CUSR0000SA0","September 1 2011","226.597","3.8","0.2","0.8","1.6","3.8"
"CUSR0000SA0","August 1 2011","226.106","3.8","0.3","0.6","1.9","3.8"
"CUSR0000SA0","July 1 2011","225.395","3.6","0.3","0.6","1.9","3.6"
"CUSR0000SA0","June 1 2011","224.806","3.5","0.0","0.8","2.0","3.5"
"CUSR0000SA0","May 1 2011","224.806","3.5","0.3","1.3","2.4","3.5"
"CUSR0000SA0","April 1 2011","224.093","3.1","0.5","1.3","2.3","3.1"
"CUSR0000SA0","March 1 2011","223.046","2.6","0.5","1.2","2.2","2.6"
"CUSR0000SA0","February 1 2011","221.898","2.1","0.3","1.1","1.8","2.1"
"CUSR0000SA0","January 1 2011","221.187","1.7","0.3","1.0","1.6","1.7"
"CUSR0000SA0","December 1 2010","220.472","1.4","0.4","1.0","1.5","1.4"
"CUSR0000SA0","November 1 2010","219.590","1.1","0.3","0.8","1.1","1.1"
"CUSR0000SA0","October 1 2010","219.035","1.2","0.3","0.7","0.8","1.2"
"CUSR0000SA0","September 1 2010","218.275","1.1","0.2","0.5","0.4","1.1"
"CUSR0000SA0","August 1 2010","217.923","1.2","0.1","0.3","0.3","1.2"
"CUSR0000SA0","July 1 2010","217.605","1.3","0.2","0.1","0.1","1.3"
"CUSR0000SA0","June 1 2010","217.199","1.1","0.0","-0.1","-0.1","1.1"
"CUSR0000SA0","May 1 2010","217.290","2.0","-0.1","0.0","0.0","2.0"
"CUSR0000SA0","April 1 2010","217.403","2.2","0.0","0.0","0.4","2.2"
"CUSR0000SA0","March 1 2010","217.353","2.3","0.0","0.0","0.7","2.3"
"CUSR0000SA0","February 1 2010","217.281","2.2","-0.1","0.0","0.9","2.2"
"CUSR0000SA0","January 1 2010","217.488","2.6","0.1","0.5","1.3","2.6"
"CUSR0000SETB01","August 1 2025","271.084","-6.6","1.9","0.7","-8.2","-6.6"
"CUSR0000SETB01","July 1 2025","266.008","-9.5","-2.2","-3.8","-10.8","-9.5"
"CUSR0000SETB01","June 1 2025","271.907","-8.3","1.0","-1.8","-7.2","-8.3"
"CUSR0000SETB01","May 1 2025","269.189","-12.0","-2.6","-8.8","-4.4","-12.0"
"CUSR0000SETB01","April 1 2025","276.510","-11.8","-0.1","-7.2","-1.5","-11.8"
"CUSR0000SETB01","March 1 2025","276.765","-9.8","-6.3","-5.5","-2.4","-9.8"
"CUSR0000SETB01","February 1 2025","295.226","-3.1","-1.0","4.8","1.7","-3.1"
"CUSR0000SETB01","January 1 2025","298.080","-0.2","1.8","6.2","1.5","-0.2"
"CUSR0000SETB01","December 1 2024","292.942","-3.3","4.0","3.3","-1.2","-3.3"
"CUSR0000SETB01","November 1 2024","281.613","-8.1","0.3","-3.0","-7.9","-8.1"
"CUSR0000SETB01","October 1 2024","280.807","-12.2","-1.0","-4.4","-10.4","-12.2"
"CUSR0000SETB01","September 1 2024","283.588","-15.2","-2.3","-4.3","-7.5","-15.2"
"CUSR0000SETB01","August 1 2024","290.345","-10.4","-1.2","-5.0","-4.7","-10.4"
"CUSR0000SETB01","July 1 2024","293.814","-2.3","-0.9","-6.2","-1.6","-2.3"
"CUSR0000SETB01","June 1 2024","296.475","-2.4","-3.0","-3.3","-2.1","-2.4"
"CUSR0000SETB01","May 1 2024","305.733","2.3","-2.4","0.4","-0.2","2.3"
"CUSR0000SETB01","April 1 2024","313.349","1.0","2.2","4.9","-2.0","1.0"
"CUSR0000SETB01","March 1 2024","306.743","0.8","0.7","1.3","-8.3","0.8"
"CUSR0000SETB01","February 1 2024","304.623","-3.9","2.0","-0.6","-6.0","-3.9"
"CUSR0000SETB01","January 1 2024","298.595","-6.0","-1.4","-6.6","-0.7","-6.0"
"CUSR0000SETB01","December 1 2023","302.868","-1.7","-1.1","-9.5","-0.3","-1.7"
"CUSR0000SETB01","November 1 2023","306.352","-8.6","-4.2","-5.5","2.5","-8.6"
"CUSR0000SETB01","October 1 2023","319.829","-5.2","-4.4","6.4","3.1","-5.2"
"CUSR0000SETB01","September 1 2023","334.484","3.1","3.2","10.1","9.9","3.1"
"CUSR0000SETB01","August 1 2023","324.015","-3.6","7.8","8.4","2.2","-3.6"
"CUSR0000SETB01","July 1 2023","300.583","-20.1","-1.0","-3.1","-5.4","-20.1"
"CUSR0000SETB01","June 1 2023","303.728","-26.5","1.6","-0.2","-1.4","-26.5"
"CUSR0000SETB01","May 1 2023","298.880","-19.6","-3.7","-5.8","-10.9","-19.6"
"CUSR0000SETB01","April 1 2023","310.282","-12.3","2.0","-2.3","-8.0","-12.3"
"CUSR0000SETB01","March 1 2023","304.286","-17.7","-4.0","-1.3","-6.2","-17.7"
"CUSR0000SETB01","February 1 2023","317.123","-2.0","-0.2","-5.4","-5.7","-2.0"
"CUSR0000SETB01","January 1 2023","317.691","1.8","3.1","-5.8","-15.5","1.8"
"CUSR0000SETB01","December 1 2022","308.143","-1.3","-8.1","-5.1","-25.4","-1.3"
"CUSR0000SETB01","November 1 2022","335.333","10.6","-0.6","-0.3","-9.8","10.6"
"CUSR0000SETB01","October 1 2022","337.258","17.7","3.9","-10.3","-4.7","17.7"
"CUSR0000SETB01","September 1 2022","324.545","18.4","-3.5","-21.4","-12.2","18.4"
"CUSR0000SETB01","August 1 2022","336.269","25.2","-10.6","-9.6","3.9","25.2"
"CUSR0000SETB01","July 1 2022","376.184","43.4","-8.9","6.3","20.6","43.4"
"CUSR0000SETB01","June 1 2022","413.100","59.8","11.1","11.7","32.3","59.8"
"CUSR0000SETB01","May 1 2022","371.837","48.6","5.1","14.9","22.6","48.6"
"CUSR0000SETB01","April 1 2022","353.734","43.5","-4.3","13.4","23.4","43.5"
"CUSR0000SETB01","March 1 2022","369.801","47.4","14.2","18.4","34.9","47.4"
"CUSR0000SETB01","February 1 2022","323.725","38.3","3.8","6.8","20.5","38.3"
"CUSR0000SETB01","January 1 2022","311.988","40.9","-0.1","8.9","18.9","40.9"
"CUSR0000SETB01","December 1 2021","312.262","49.6","3.0","13.9","20.8","49.6"
"CUSR0000SETB01","November 1 2021","303.209","58.1","5.8","12.9","21.2","58.1"
"CUSR0000SETB01","October 1 2021","286.559","49.6","4.5","9.2","16.3","49.6"
"CUSR0000SETB01","September 1 2021","274.224","42.0","2.1","6.1","9.3","42.0"
"CUSR0000SETB01","August 1 2021","268.570","42.6","2.4","7.3","14.7","42.6"
"CUSR0000SETB01","July 1 2021","262.373","41.8","1.5","6.5","18.5","41.8"
"CUSR0000SETB01","June 1 2021","258.450","45.1","3.3","3.0","23.8","45.1"
"CUSR0000SETB01","May 1 2021","250.207","56.1","1.5","6.9","30.4","56.1"
"CUSR0000SETB01","April 1 2021","246.431","49.5","-1.8","11.3","28.7","49.5"
"CUSR0000SETB01","March 1 2021","250.828","22.4","7.2","20.2","29.9","22.4"
"CUSR0000SETB01","February 1 2021","234.076","1.5","5.7","22.0","24.3","1.5"
"CUSR0000SETB01","January 1 2021","221.457","-8.6","6.1","15.6","19.7","-8.6"
"CUSR0000SETB01","December 1 2020","208.753","-14.5","8.8","8.1","17.2","-14.5"
"CUSR0000SETB01","November 1 2020","191.823","-19.0","0.2","1.9","19.7","-19.0"
"CUSR0000SETB01","October 1 2020","191.525","-17.6","-0.8","3.5","16.2","-17.6"
"CUSR0000SETB01","September 1 2020","193.069","-15.4","2.5","8.4","-5.8","-15.4"
"CUSR0000SETB01","August 1 2020","188.325","-18.0","1.8","17.5","-18.3","-18.0"
"CUSR0000SETB01","July 1 2020","185.072","-21.3","3.9","12.3","-23.6","-21.3"
"CUSR0000SETB01","June 1 2020","178.169","-23.1","11.2","-13.0","-27.0","-23.1"
"CUSR0000SETB01","May 1 2020","160.261","-33.9","-2.8","-30.5","-32.4","-33.9"
"CUSR0000SETB01","April 1 2020","164.836","-32.9","-19.6","-32.0","-29.1","-32.9"
"CUSR0000SETB01","March 1 2020","204.901","-10.9","-11.2","-16.1","-10.2","-10.9"
"CUSR0000SETB01","February 1 2020","230.646","6.2","-4.8","-2.6","0.4","6.2"
"CUSR0000SETB01","January 1 2020","242.397","16.1","-0.7","4.3","3.1","16.1"
"CUSR0000SETB01","December 1 2019","244.197","8.5","3.1","7.0","5.4","8.5"
"CUSR0000SETB01","November 1 2019","236.924","-0.6","2.0","3.1","-2.3","-0.6"
"CUSR0000SETB01","October 1 2019","232.348","-8.3","1.8","-1.2","-5.4","-8.3"
"CUSR0000SETB01","September 1 2019","228.230","-8.8","-0.7","-1.5","-0.8","-8.8"
"CUSR0000SETB01","August 1 2019","229.734","-6.7","-2.3","-5.3","5.8","-6.7"
"CUSR0000SETB01","July 1 2019","235.098","-2.6","1.5","-4.3","12.6","-2.6"
"CUSR0000SETB01","June 1 2019","231.691","-4.7","-4.5","0.7","2.9","-4.7"
"CUSR0000SETB01","May 1 2019","242.557","0.1","-1.3","11.7","1.8","0.1"
"CUSR0000SETB01","April 1 2019","245.651","2.9","6.8","17.7","-3.1","2.9"
"CUSR0000SETB01","March 1 2019","230.013","-0.6","5.9","2.2","-8.1","-0.6"
"CUSR0000SETB01","February 1 2019","217.237","-9.4","4.1","-8.8","-11.8","-9.4"
"CUSR0000SETB01","January 1 2019","208.730","-11.3","-7.3","-17.7","-13.5","-11.3"
"CUSR0000SETB01","December 1 2018","225.063","-1.7","-5.6","-10.1","-7.4","-1.7"
"CUSR0000SETB01","November 1 2018","238.309","4.1","-6.0","-3.2","-1.7","4.1"
"CUSR0000SETB01","October 1 2018","253.471","15.7","1.2","5.0","6.1","15.7"
"CUSR0000SETB01","September 1 2018","250.369","9.7","1.7","3.0","8.2","9.7"
"CUSR0000SETB01","August 1 2018","246.229","20.9","2.0","1.6","2.7","20.9"
"CUSR0000SETB01","July 1 2018","241.377","25.8","-0.7","1.1","2.6","25.8"
"CUSR0000SETB01","June 1 2018","243.105","24.2","0.3","5.1","6.2","24.2"
"CUSR0000SETB01","May 1 2018","242.344","22.5","1.5","1.1","5.9","22.5"
"CUSR0000SETB01","April 1 2018","238.803","14.2","3.2","1.5","9.0","14.2"
"CUSR0000SETB01","March 1 2018","231.325","9.8","-3.5","1.1","1.3","9.8"
"CUSR0000SETB01","February 1 2018","239.767","12.2","1.9","4.7","17.8","12.2"
"CUSR0000SETB01","January 1 2018","235.325","8.0","2.8","7.5","22.6","8.0"
"CUSR0000SETB01","December 1 2017","228.888","11.0","0.0","0.3","16.9","11.0"
"CUSR0000SETB01","November 1 2017","228.908","14.9","4.5","12.4","15.7","14.9"
"CUSR0000SETB01","October 1 2017","218.990","10.7","-4.1","14.1","4.7","10.7"
"CUSR0000SETB01","September 1 2017","228.252","20.3","12.1","16.6","8.3","20.3"
"CUSR0000SETB01","August 1 2017","203.585","10.8","6.1","2.9","-4.7","10.8"
"CUSR0000SETB01","July 1 2017","191.889","3.5","-2.0","-8.2","-11.9","3.5"
"CUSR0000SETB01","June 1 2017","195.797","-0.3","-1.0","-7.1","-5.1","-0.3"
"CUSR0000SETB01","May 1 2017","197.848","5.4","-5.4","-7.4","-0.7","5.4"
"CUSR0000SETB01","April 1 2017","209.074","13.2","-0.8","-4.0","5.7","13.2"
"CUSR0000SETB01","March 1 2017","210.690","20.3","-1.4","2.2","11.0","20.3"
"CUSR0000SETB01","February 1 2017","213.626","31.3","-2.0","7.2","16.3","31.3"
"CUSR0000SETB01","January 1 2017","217.892","20.1","5.6","10.2","17.5","20.1"
"CUSR0000SETB01","December 1 2016","206.244","8.1","3.5","8.7","5.0","8.1"
"CUSR0000SETB01","November 1 2016","199.220","0.1","0.7","8.4","6.2","0.1"
"CUSR0000SETB01","October 1 2016","197.788","-0.8","4.2","6.6","7.1","-0.8"
"CUSR0000SETB01","September 1 2016","189.766","-6.0","3.3","-3.4","8.3","-6.0"
"CUSR0000SETB01","August 1 2016","183.715","-18.6","-1.0","-2.1","12.9","-18.6"
"CUSR0000SETB01","July 1 2016","185.486","-20.0","-5.6","0.4","2.2","-20.0"
"CUSR0000SETB01","June 1 2016","196.440","-14.9","4.7","12.1","3.0","-14.9"
"CUSR0000SETB01","May 1 2016","187.627","-16.7","1.6","15.3","-5.7","-16.7"
"CUSR0000SETB01","April 1 2016","184.762","-12.7","5.5","1.8","-7.3","-12.7"
"CUSR0000SETB01","March 1 2016","175.164","-18.4","7.6","-8.2","-13.3","-18.4"
"CUSR0000SETB01","February 1 2016","162.727","-21.4","-10.3","-18.2","-27.9","-21.4"
"CUSR0000SETB01","January 1 2016","181.445","-9.1","-4.9","-9.0","-21.7","-9.1"
"CUSR0000SETB01","December 1 2015","190.765","-20.0","-4.1","-5.5","-17.4","-20.0"
"CUSR0000SETB01","November 1 2015","198.984","-24.1","-0.2","-11.8","-11.7","-24.1"
"CUSR0000SETB01","October 1 2015","199.315","-28.4","-1.3","-14.0","-5.8","-28.4"
"CUSR0000SETB01","September 1 2015","201.935","-29.6","-10.5","-12.5","-5.9","-29.6"
"CUSR0000SETB01","August 1 2015","225.725","-23.4","-2.6","0.2","9.1","-23.4"
"CUSR0000SETB01","July 1 2015","231.775","-22.7","0.4","9.5","16.1","-22.7"
"CUSR0000SETB01","June 1 2015","230.871","-23.6","2.5","7.5","-3.2","-23.6"
"CUSR0000SETB01","May 1 2015","225.281","-25.2","6.5","8.9","-14.1","-25.2"
"CUSR0000SETB01","April 1 2015","211.577","-30.7","-1.4","6.0","-24.0","-30.7"
"CUSR0000SETB01","March 1 2015","214.684","-28.5","3.8","-10.0","-25.2","-28.5"
"CUSR0000SETB01","February 1 2015","206.901","-32.2","3.7","-21.1","-29.8","-32.2"
"CUSR0000SETB01","January 1 2015","199.553","-35.3","-16.3","-28.3","-33.4","-35.3"
"CUSR0000SETB01","December 1 2014","238.491","-21.4","-9.1","-16.9","-21.1","-21.4"
"CUSR0000SETB01","November 1 2014","262.282","-11.7","-5.8","-11.0","-12.9","-11.7"
"CUSR0000SETB01","October 1 2014","278.463","-5.8","-3.0","-7.1","-8.8","-5.8"
"CUSR0000SETB01","September 1 2014","287.003","-3.5","-2.6","-5.1","-4.4","-3.5"
"CUSR0000SETB01","August 1 2014","294.803","-2.8","-1.7","-2.2","-3.3","-2.8"
"CUSR0000SETB01","July 1 2014","299.785","0.3","-0.8","-1.8","-2.8","0.3"
"CUSR0000SETB01","June 1 2014","302.293","1.4","0.3","0.7","-0.3","1.4"
"CUSR0000SETB01","May 1 2014","301.296","2.8","-1.3","-1.2","1.4","2.8"
"CUSR0000SETB01","April 1 2014","305.367","3.4","1.7","-1.0","3.3","3.4"
"CUSR0000SETB01","March 1 2014","300.141","-3.3","-1.6","-1.0","0.9","-3.3"
"CUSR0000SETB01","February 1 2014","305.007","-7.4","-1.1","2.6","0.5","-7.4"
"CUSR0000SETB01","January 1 2014","308.400","0.5","1.7","4.3","3.2","0.5"
"CUSR0000SETB01","December 1 2013","303.304","-1.0","2.1","2.0","1.7","-1.0"
"CUSR0000SETB01","November 1 2013","297.183","-5.7","0.5","-2.1","1.4","-5.7"
"CUSR0000SETB01","October 1 2013","295.640","-11.1","-0.6","-1.0","0.1","-11.1"
"CUSR0000SETB01","September 1 2013","297.390","-9.0","-2.0","-0.2","-4.2","-9.0"
"CUSR0000SETB01","August 1 2013","303.409","-2.2","1.6","3.5","-7.8","-2.2"
"CUSR0000SETB01","July 1 2013","298.754","3.9","0.2","1.2","-2.6","3.9"
"CUSR0000SETB01","June 1 2013","298.112","2.3","1.7","-4.0","-2.7","2.3"
"CUSR0000SETB01","May 1 2013","293.131","-3.5","-0.7","-11.0","-7.0","-3.5"
"CUSR0000SETB01","April 1 2013","295.206","-7.6","-4.9","-3.8","-11.3","-7.6"
"CUSR0000SETB01","March 1 2013","310.442","-2.7","-5.7","1.3","-5.0","-2.7"
"CUSR0000SETB01","February 1 2013","329.253","4.0","7.3","4.4","6.1","4.0"
"CUSR0000SETB01","January 1 2013","306.734","0.2","0.1","-7.8","6.7","0.2"
"CUSR0000SETB01","December 1 2012","306.338","1.9","-2.8","-6.3","5.1","1.9"
"CUSR0000SETB01","November 1 2012","315.264","2.2","-5.2","1.6","3.8","2.2"
"CUSR0000SETB01","October 1 2012","332.699","8.7","1.8","15.7","4.2","8.7"
"CUSR0000SETB01","September 1 2012","326.789","5.7","5.3","12.1","2.4","5.7"
"CUSR0000SETB01","August 1 2012","310.365","1.3","8.0","2.2","-2.0","1.3"
"CUSR0000SETB01","July 1 2012","287.505","-5.7","-1.4","-10.0","-6.1","-5.7"
"CUSR0000SETB01","June 1 2012","291.490","-4.2","-4.0","-8.7","-3.1","-4.2"
"CUSR0000SETB01","May 1 2012","303.692","-3.5","-4.9","-4.1","-1.6","-3.5"
"CUSR0000SETB01","April 1 2012","319.414","3.0","0.1","4.3","4.4","3.0"
"CUSR0000SETB01","March 1 2012","319.198","8.2","0.8","6.2","3.2","8.2"
"CUSR0000SETB01","February 1 2012","316.625","13.1","3.4","2.6","3.4","13.1"
"CUSR0000SETB01","January 1 2012","306.170","11.0","1.8","0.1","0.4","11.0"
"CUSR0000SETB01","December 1 2011","300.662","10.7","-2.6","-2.8","-1.2","10.7"
"CUSR0000SETB01","November 1 2011","308.587","20.3","0.9","0.8","-2.0","20.3"
"CUSR0000SETB01","October 1 2011","305.963","22.4","-1.0","0.3","-1.3","22.4"
"CUSR0000SETB01","September 1 2011","309.168","31.2","0.9","1.6","4.8","31.2"
"CUSR0000SETB01","August 1 2011","306.276","31.6","0.5","-2.7","9.4","31.6"
"CUSR0000SETB01","July 1 2011","304.901","33.1","0.2","-1.7","10.5","33.1"
"CUSR0000SETB01","June 1 2011","304.321","36.6","-3.3","3.2","12.1","36.6"
"CUSR0000SETB01","May 1 2011","314.859","38.2","1.5","12.4","22.7","38.2"
"CUSR0000SETB01","April 1 2011","310.115","33.3","5.2","12.4","24.1","33.3"
"CUSR0000SETB01","March 1 2011","294.915","26.5","5.3","8.6","25.1","26.5"
"CUSR0000SETB01","February 1 2011","280.015","18.8","1.5","9.1","20.3","18.8"
"CUSR0000SETB01","January 1 2011","275.816","14.0","1.6","10.4","20.4","14.0"
"CUSR0000SETB01","December 1 2010","271.509","14.4","5.8","15.2","21.9","14.4"
"CUSR0000SETB01","November 1 2010","256.596","7.7","2.7","10.3","12.7","7.7"
"CUSR0000SETB01","October 1 2010","249.885","9.3","6.0","9.1","7.4","9.3"
"CUSR0000SETB01","September 1 2010","235.661","4.2","1.3","5.8","1.1","4.2"
"CUSR0000SETB01","August 1 2010","232.674","4.0","1.6","2.2","-1.3","4.0"
"CUSR0000SETB01","July 1 2010","229.026","8.2","2.8","-1.5","-5.4","8.2"
"CUSR0000SETB01","June 1 2010","222.745","4.5","-2.2","-4.4","-6.1","4.5"
"CUSR0000SETB01","May 1 2010","227.765","28.6","-2.1","-3.4","-4.4","28.6"
"CUSR0000SETB01","April 1 2010","232.594","38.2","-0.2","-3.9","1.7","38.2"
"CUSR0000SETB01","March 1 2010","233.103","39.7","-1.1","-1.7","3.0","39.7"
"CUSR0000SETB01","February 1 2010","235.748","35.4","-2.6","-1.0","5.3","35.4"
"CUSR0000SETB01","January 1 2010","242.036","50.5","2.0","5.9","14.4","50.5"
"CUSR0000SAF1","August 1 2025","341.208","3.2","0.5","0.8","1.5","3.2"
"CUSR0000SAF1","July 1 2025","339.652","2.9","0.0","0.7","1.2","2.9"
"CUSR0000SAF1","June 1 2025","339.498","3.0","0.3","0.5","1.5","3.0"
"CUSR0000SAF1","May 1 2025","338.386","2.9","0.3","0.6","1.5","2.9"
"CUSR0000SAF1","April 1 2025","337.424","2.7","-0.1","0.5","1.5","2.7"
"CUSR0000SAF1","March 1 2025","337.686","3.0","0.4","1.0","1.8","3.0"
"CUSR0000SAF1","February 1 2025","336.223","2.6","0.2","0.8","1.7","2.6"
"CUSR0000SAF1","January 1 2025","335.671","2.5","0.4","1.0","1.7","2.5"
"CUSR0000SAF1","December 1 2024","334.456","2.5","0.3","0.8","1.5","2.5"
"CUSR0000SAF1","November 1 2024","333.492","2.4","0.3","0.9","1.4","2.4"
"CUSR0000SAF1","October 1 2024","332.418","2.1","0.2","0.7","1.2","2.1"
"CUSR0000SAF1","September 1 2024","331.716","2.3","0.3","0.6","1.1","2.3"
"CUSR0000SAF1","August 1 2024","330.644","2.1","0.2","0.5","0.9","2.1"
"CUSR0000SAF1","July 1 2024","330.142","2.2","0.1","0.5","0.8","2.2"
"CUSR0000SAF1","June 1 2024","329.651","2.2","0.2","0.5","1.0","2.2"
"CUSR0000SAF1","May 1 2024","328.864","2.2","0.1","0.3","0.9","2.2"
"CUSR0000SAF1","April 1 2024","328.413","2.2","0.1","0.3","0.9","2.2"
"CUSR0000SAF1","March 1 2024","328.004","2.2","0.1","0.5","1.1","2.2"
"CUSR0000SAF1","February 1 2024","327.803","2.2","0.1","0.6","1.2","2.2"
"CUSR0000SAF1","January 1 2024","327.575","2.6","0.3","0.7","1.4","2.6"
"CUSR0000SAF1","December 1 2023","326.442","2.7","0.2","0.7","1.3","2.7"
"CUSR0000SAF1","November 1 2023","325.808","2.9","0.1","0.6","1.2","2.9"
"CUSR0000SAF1","October 1 2023","325.424","3.3","0.3","0.7","1.3","3.3"
"CUSR0000SAF1","September 1 2023","324.332","3.7","0.1","0.6","1.1","3.7"
"CUSR0000SAF1","August 1 2023","323.957","4.3","0.3","0.6","1.0","4.3"
"CUSR0000SAF1","July 1 2023","323.046","4.9","0.2","0.6","1.1","4.9"
"CUSR0000SAF1","June 1 2023","322.406","5.8","0.1","0.5","1.4","5.8"
"CUSR0000SAF1","May 1 2023","321.933","6.7","0.2","0.4","1.7","6.7"
"CUSR0000SAF1","April 1 2023","321.209","7.7","0.1","0.6","2.0","7.7"
"CUSR0000SAF1","March 1 2023","320.797","8.5","0.0","0.9","2.5","8.5"
"CUSR0000SAF1","February 1 2023","320.651","9.4","0.4","1.3","3.2","9.4"
"CUSR0000SAF1","January 1 2023","319.421","10.1","0.5","1.4","3.7","10.1"
"CUSR0000SAF1","December 1 2022","317.798","10.4","0.4","1.6","4.2","10.4"
"CUSR0000SAF1","November 1 2022","316.500","10.6","0.5","1.9","4.9","10.6"
"CUSR0000SAF1","October 1 2022","315.023","10.9","0.7","2.3","5.6","10.9"
"CUSR0000SAF1","September 1 2022","312.835","11.2","0.7","2.6","5.8","11.2"
"CUSR0000SAF1","August 1 2022","310.739","11.4","0.9","3.0","6.1","11.4"
"CUSR0000SAF1","July 1 2022","308.083","10.9","1.1","3.3","6.2","10.9"
"CUSR0000SAF1","June 1 2022","304.845","10.5","1.0","3.1","5.9","10.5"
"CUSR0000SAF1","May 1 2022","301.684","10.1","1.1","3.0","5.5","10.1"
"CUSR0000SAF1","April 1 2022","298.363","9.4","0.9","2.8","5.1","9.4"
"CUSR0000SAF1","March 1 2022","295.713","8.8","0.9","2.8","5.1","8.8"
"CUSR0000SAF1","February 1 2022","292.978","7.9","1.0","2.4","5.0","7.9"
"CUSR0000SAF1","January 1 2022","290.144","7.0","0.8","2.2","4.5","7.0"
"CUSR0000SAF1","December 1 2021","287.798","6.3","0.6","2.3","4.3","6.3"
"CUSR0000SAF1","November 1 2021","286.057","6.1","0.7","2.5","4.4","6.1"
"CUSR0000SAF1","October 1 2021","283.972","5.3","1.0","2.2","4.1","5.3"
"CUSR0000SAF1","September 1 2021","281.299","4.6","0.8","1.9","3.5","4.6"
"CUSR0000SAF1","August 1 2021","278.985","3.7","0.4","1.9","2.8","3.7"
"CUSR0000SAF1","July 1 2021","277.759","3.4","0.6","1.8","2.4","3.4"
"CUSR0000SAF1","June 1 2021","276.002","2.4","0.8","1.6","1.9","2.4"
"CUSR0000SAF1","May 1 2021","273.890","2.2","0.4","0.9","1.6","2.2"
"CUSR0000SAF1","April 1 2021","272.761","2.4","0.4","0.6","1.2","2.4"
"CUSR0000SAF1","March 1 2021","271.756","3.5","0.1","0.4","1.0","3.5"
"CUSR0000SAF1","February 1 2021","271.498","3.6","0.1","0.7","0.9","3.6"
"CUSR0000SAF1","January 1 2021","271.223","3.8","0.2","0.6","1.0","3.8"
"CUSR0000SAF1","December 1 2020","270.781","4.0","0.4","0.6","0.5","4.0"
"CUSR0000SAF1","November 1 2020","269.636","3.7","0.0","0.3","0.6","3.7"
"CUSR0000SAF1","October 1 2020","269.653","3.9","0.2","0.4","1.2","3.9"
"CUSR0000SAF1","September 1 2020","269.043","3.9","0.0","-0.2","2.4","3.9"
"CUSR0000SAF1","August 1 2020","268.957","4.1","0.2","0.3","2.7","4.1"
"CUSR0000SAF1","July 1 2020","268.532","4.1","-0.4","0.8","2.8","4.1"
"CUSR0000SAF1","June 1 2020","269.553","4.5","0.5","2.6","3.5","4.5"
"CUSR0000SAF1","May 1 2020","268.086","4.0","0.6","2.3","3.1","4.0"
"CUSR0000SAF1","April 1 2020","266.370","3.5","1.4","1.9","2.7","3.5"
"CUSR0000SAF1","March 1 2020","262.622","1.9","0.3","0.8","1.5","1.9"
"CUSR0000SAF1","February 1 2020","261.962","1.8","0.3","0.7","1.4","1.8"
"CUSR0000SAF1","January 1 2020","261.293","1.9","0.3","0.7","1.3","1.9"
"CUSR0000SAF1","December 1 2019","260.483","1.8","0.2","0.6","1.0","1.8"
"CUSR0000SAF1","November 1 2019","260.048","2.0","0.2","0.7","0.9","2.0"
"CUSR0000SAF1","October 1 2019","259.434","2.1","0.2","0.5","0.8","2.1"
"CUSR0000SAF1","September 1 2019","258.865","1.8","0.2","0.4","0.5","1.8"
"CUSR0000SAF1","August 1 2019","258.288","1.7","0.1","0.2","0.4","1.7"
"CUSR0000SAF1","July 1 2019","258.059","1.8","0.0","0.3","0.6","1.8"
"CUSR0000SAF1","June 1 2019","257.952","1.9","0.1","0.1","0.8","1.9"
"CUSR0000SAF1","May 1 2019","257.818","2.0","0.2","0.2","1.1","2.0"
"CUSR0000SAF1","April 1 2019","257.325","1.8","-0.1","0.3","1.2","1.8"
"CUSR0000SAF1","March 1 2019","257.681","2.1","0.2","0.7","1.3","2.1"
"CUSR0000SAF1","February 1 2019","257.253","2.0","0.3","0.9","1.3","2.0"
"CUSR0000SAF1","January 1 2019","256.533","1.6","0.3","0.9","1.2","1.6"
"CUSR0000SAF1","December 1 2018","255.877","1.7","0.4","0.6","1.1","1.7"
"CUSR0000SAF1","November 1 2018","254.887","1.5","0.3","0.4","0.8","1.5"
"CUSR0000SAF1","October 1 2018","254.170","1.2","-0.1","0.2","0.5","1.2"
"CUSR0000SAF1","September 1 2018","254.302","1.4","0.1","0.4","0.8","1.4"
"CUSR0000SAF1","August 1 2018","253.949","1.4","0.1","0.4","0.7","1.4"
"CUSR0000SAF1","July 1 2018","253.598","1.4","0.2","0.3","0.5","1.4"
"CUSR0000SAF1","June 1 2018","253.167","1.4","0.1","0.3","0.6","1.4"
"CUSR0000SAF1","May 1 2018","252.864","1.2","0.0","0.2","0.7","1.2"
"CUSR0000SAF1","April 1 2018","252.867","1.3","0.2","0.2","0.7","1.3"
"CUSR0000SAF1","March 1 2018","252.365","1.3","0.0","0.3","0.6","1.3"
"CUSR0000SAF1","February 1 2018","252.264","1.4","0.0","0.4","0.7","1.4"
"CUSR0000SAF1","January 1 2018","252.377","1.7","0.3","0.5","0.9","1.7"
"CUSR0000SAF1","December 1 2017","251.716","1.6","0.2","0.4","0.8","1.6"
"CUSR0000SAF1","November 1 2017","251.195","1.4","0.1","0.3","0.5","1.4"
"CUSR0000SAF1","October 1 2017","251.048","1.3","0.1","0.3","0.6","1.3"
"CUSR0000SAF1","September 1 2017","250.826","1.2","0.1","0.4","0.6","1.2"
"CUSR0000SAF1","August 1 2017","250.469","1.1","0.1","0.2","0.7","1.1"
"CUSR0000SAF1","July 1 2017","250.185","1.0","0.2","0.2","0.9","1.0"
"CUSR0000SAF1","June 1 2017","249.770","0.8","-0.1","0.2","0.8","0.8"
"CUSR0000SAF1","May 1 2017","249.972","0.9","0.2","0.5","0.9","0.9"
"CUSR0000SAF1","April 1 2017","249.589","0.5","0.1","0.6","0.7","0.5"
"CUSR0000SAF1","March 1 2017","249.244","0.5","0.2","0.6","0.6","0.5"
"CUSR0000SAF1","February 1 2017","248.735","0.1","0.3","0.4","0.4","0.1"
"CUSR0000SAF1","January 1 2017","248.065","-0.1","0.1","0.1","0.2","-0.1"
"CUSR0000SAF1","December 1 2016","247.725","-0.2","0.0","0.0","0.0","-0.2"
"CUSR0000SAF1","November 1 2016","247.741","-0.3","0.0","0.0","0.0","-0.3"
"CUSR0000SAF1","October 1 2016","247.812","-0.4","0.0","0.1","-0.2","-0.4"
"CUSR0000SAF1","September 1 2016","247.772","-0.3","0.0","0.0","-0.1","-0.3"
"CUSR0000SAF1","August 1 2016","247.746","0.0","0.0","0.0","-0.3","0.0"
"CUSR0000SAF1","July 1 2016","247.658","0.2","0.0","-0.2","-0.3","0.2"
"CUSR0000SAF1","June 1 2016","247.683","0.3","-0.1","-0.1","-0.2","0.3"
"CUSR0000SAF1","May 1 2016","247.856","0.7","-0.2","-0.3","-0.3","0.7"
"CUSR0000SAF1","April 1 2016","248.235","0.9","0.1","0.0","-0.2","0.9"
"CUSR0000SAF1","March 1 2016","248.029","0.8","-0.2","-0.1","-0.2","0.8"
"CUSR0000SAF1","February 1 2016","248.606","0.9","0.1","0.0","0.3","0.9"
"CUSR0000SAF1","January 1 2016","248.353","0.9","0.1","-0.2","0.5","0.9"
"CUSR0000SAF1","December 1 2015","248.206","0.8","-0.1","-0.1","0.5","0.8"
"CUSR0000SAF1","November 1 2015","248.525","1.3","-0.1","0.3","0.9","1.3"
"CUSR0000SAF1","October 1 2015","248.755","1.6","0.1","0.6","1.1","1.6"
"CUSR0000SAF1","September 1 2015","248.492","1.6","0.3","0.6","1.0","1.6"
"CUSR0000SAF1","August 1 2015","247.742","1.6","0.2","0.6","0.5","1.6"
"CUSR0000SAF1","July 1 2015","247.157","1.6","0.1","0.5","0.4","1.6"
"CUSR0000SAF1","June 1 2015","246.937","1.8","0.3","0.4","0.3","1.8"
"CUSR0000SAF1","May 1 2015","246.239","1.6","0.1","-0.1","0.3","1.6"
"CUSR0000SAF1","April 1 2015","246.002","2.0","0.0","-0.1","0.5","2.0"
"CUSR0000SAF1","March 1 2015","246.072","2.3","-0.2","-0.1","0.7","2.3"
"CUSR0000SAF1","February 1 2015","246.495","3.0","0.1","0.4","1.1","3.0"
"CUSR0000SAF1","January 1 2015","246.197","3.2","0.0","0.5","1.2","3.2"
"CUSR0000SAF1","December 1 2014","246.237","3.4","0.3","0.7","1.5","3.4"
"CUSR0000SAF1","November 1 2014","245.394","3.1","0.2","0.7","1.2","3.1"
"CUSR0000SAF1","October 1 2014","244.866","3.0","0.2","0.7","1.5","3.0"
"CUSR0000SAF1","September 1 2014","244.480","2.9","0.3","0.8","1.7","2.9"
"CUSR0000SAF1","August 1 2014","243.792","2.7","0.2","0.6","1.8","2.7"
"CUSR0000SAF1","July 1 2014","243.235","2.6","0.2","0.8","2.0","2.6"
"CUSR0000SAF1","June 1 2014","242.646","2.4","0.1","0.9","1.9","2.4"
"CUSR0000SAF1","May 1 2014","242.408","2.5","0.5","1.3","1.9","2.5"
"CUSR0000SAF1","April 1 2014","241.241","1.9","0.3","1.2","1.5","1.9"
"CUSR0000SAF1","March 1 2014","240.447","1.8","0.4","1.0","1.2","1.8"
"CUSR0000SAF1","February 1 2014","239.408","1.4","0.4","0.6","0.8","1.4"
"CUSR0000SAF1","January 1 2014","238.492","1.1","0.1","0.3","0.6","1.1"
"CUSR0000SAF1","December 1 2013","238.182","1.1","0.1","0.3","0.5","1.1"
"CUSR0000SAF1","November 1 2013","237.947","1.1","0.1","0.2","0.6","1.1"
"CUSR0000SAF1","October 1 2013","237.750","1.2","0.1","0.2","0.5","1.2"
"CUSR0000SAF1","September 1 2013","237.519","1.3","0.0","0.2","0.6","1.3"
"CUSR0000SAF1","August 1 2013","237.451","1.4","0.1","0.4","0.6","1.4"
"CUSR0000SAF1","July 1 2013","237.184","1.4","0.1","0.2","0.5","1.4"
"CUSR0000SAF1","June 1 2013","236.980","1.4","0.2","0.3","0.6","1.4"
"CUSR0000SAF1","May 1 2013","236.454","1.4","-0.1","0.2","0.5","1.4"
"CUSR0000SAF1","April 1 2013","236.655","1.5","0.2","0.3","0.8","1.5"
"CUSR0000SAF1","March 1 2013","236.213","1.6","0.1","0.2","0.8","1.6"
"CUSR0000SAF1","February 1 2013","235.992","1.7","0.0","0.3","0.7","1.7"
"CUSR0000SAF1","January 1 2013","236.011","1.6","0.1","0.5","0.9","1.6"
"CUSR0000SAF1","December 1 2012","235.677","1.8","0.2","0.5","0.9","1.8"
"CUSR0000SAF1","November 1 2012","235.253","1.8","0.2","0.4","0.9","1.8"
"CUSR0000SAF1","October 1 2012","234.843","1.7","0.2","0.4","0.8","1.7"
"CUSR0000SAF1","September 1 2012","234.404","1.6","0.1","0.3","0.8","1.6"
"CUSR0000SAF1","August 1 2012","234.244","2.0","0.2","0.4","0.9","2.0"
"CUSR0000SAF1","July 1 2012","233.845","2.3","0.1","0.3","0.7","2.3"
"CUSR0000SAF1","June 1 2012","233.683","2.7","0.2","0.5","0.9","2.7"
"CUSR0000SAF1","May 1 2012","233.219","2.8","0.1","0.5","0.9","2.8"
"CUSR0000SAF1","April 1 2012","233.044","3.1","0.2","0.4","0.9","3.1"
"CUSR0000SAF1","March 1 2012","232.591","3.3","0.2","0.4","0.8","3.3"
"CUSR0000SAF1","February 1 2012","232.140","3.9","0.0","0.4","1.1","3.9"
"CUSR0000SAF1","January 1 2012","232.213","4.4","0.3","0.6","1.6","4.4"
"CUSR0000SAF1","December 1 2011","231.557","4.7","0.2","0.4","1.8","4.7"
"CUSR0000SAF1","November 1 2011","231.118","4.6","0.1","0.6","1.8","4.6"
"CUSR0000SAF1","October 1 2011","230.899","4.7","0.1","1.1","2.1","4.7"
"CUSR0000SAF1","September 1 2011","230.682","4.8","0.5","1.4","2.4","4.8"
"CUSR0000SAF1","August 1 2011","229.634","4.6","0.5","1.2","2.7","4.6"
"CUSR0000SAF1","July 1 2011","228.482","4.2","0.4","1.1","2.7","4.2"
"CUSR0000SAF1","June 1 2011","227.515","3.8","0.3","1.0","2.8","3.8"
"CUSR0000SAF1","May 1 2011","226.940","3.5","0.4","1.5","2.7","3.5"
"CUSR0000SAF1","April 1 2011","226.072","3.1","0.4","1.6","2.5","3.1"
"CUSR0000SAF1","March 1 2011","225.213","2.8","0.8","1.8","2.3","2.8"
"CUSR0000SAF1","February 1 2011","223.504","2.3","0.5","1.2","1.8","2.3"
"CUSR0000SAF1","January 1 2011","222.469","1.8","0.6","0.9","1.5","1.8"
"CUSR0000SAF1","December 1 2010","221.215","1.5","0.1","0.5","0.9","1.5"
"CUSR0000SAF1","November 1 2010","220.946","1.5","0.2","0.7","0.7","1.5"
"CUSR0000SAF1","October 1 2010","220.521","1.4","0.1","0.6","0.6","1.4"
"CUSR0000SAF1","September 1 2010","220.219","1.4","0.3","0.4","0.6","1.4"
"CUSR0000SAF1","August 1 2010","219.480","1.0","0.1","0.1","0.4","1.0"
"CUSR0000SAF1","July 1 2010","219.234","0.8","0.0","0.0","0.3","0.8"
"CUSR0000SAF1","June 1 2010","219.285","0.7","0.0","0.1","0.6","0.7"
"CUSR0000SAF1","May 1 2010","219.331","0.7","0.1","0.4","0.8","0.7"
"CUSR0000SAF1","April 1 2010","219.209","0.5","0.1","0.3","0.8","0.5"
"CUSR0000SAF1","March 1 2010","218.990","0.2","0.2","0.5","0.8","0.2"
"CUSR0000SAF1","February 1 2010","218.552","-0.2","0.0","0.4","0.5","-0.2"
"CUSR0000SAF1","January 1 2010","218.489","-0.3","0.3","0.5","0.5","-0.3"
"CUSR0000SETA02","August 1 2025","185.322","6.0","1.0","0.8","-0.9","6.0"
"CUSR0000SETA02","July 1 2025","183.419","4.8","0.5","-0.7","-1.1","4.8"
"CUSR0000SETA02","June 1 2025","182.543","2.8","-0.7","-1.7","0.6","2.8"
"CUSR0000SETA02","May 1 2025","183.779","1.8","-0.5","-1.8","2.1","1.8"
"CUSR0000SETA02","April 1 2025","184.783","1.5","-0.5","-0.3","3.9","1.5"
"CUSR0000SETA02","March 1 2025","185.772","0.6","-0.7","2.4","5.8","0.6"
"CUSR0000SETA02","February 1 2025","187.057","0.8","0.9","3.9","7.0","0.8"
"CUSR0000SETA02","January 1 2025","185.424","1.0","2.2","4.3","5.9","1.0"
"CUSR0000SETA02","December 1 2024","181.446","-4.8","0.8","3.3","2.2","-4.8"
"CUSR0000SETA02","November 1 2024","180.076","-4.9","1.3","3.0","-0.3","-4.9"
"CUSR0000SETA02","October 1 2024","177.776","-4.9","1.2","1.6","-2.3","-4.9"
"CUSR0000SETA02","September 1 2024","175.644","-6.4","0.5","-1.1","-4.9","-6.4"
"CUSR0000SETA02","August 1 2024","174.762","-8.5","-0.2","-3.2","-5.9","-8.5"
"CUSR0000SETA02","July 1 2024","175.034","-10.1","-1.4","-3.8","-4.6","-10.1"
"CUSR0000SETA02","June 1 2024","177.588","-10.1","-1.6","-3.9","-6.8","-10.1"
"CUSR0000SETA02","May 1 2024","180.533","-9.2","-0.8","-2.8","-4.7","-9.2"
"CUSR0000SETA02","April 1 2024","182.026","-5.5","-1.5","-0.8","-2.6","-5.5"
"CUSR0000SETA02","March 1 2024","184.709","-1.0","-0.5","-3.1","-1.6","-1.0"
"CUSR0000SETA02","February 1 2024","185.660","-1.1","1.2","-2.0","-2.8","-1.1"
"CUSR0000SETA02","January 1 2024","183.526","-3.6","-3.7","-1.8","-5.7","-3.6"
"CUSR0000SETA02","December 1 2023","190.570","-1.3","0.6","1.6","-3.6","-1.3"
"CUSR0000SETA02","November 1 2023","189.444","-3.7","1.4","-0.9","-4.7","-3.7"
"CUSR0000SETA02","October 1 2023","186.879","-7.1","-0.4","-4.0","-3.0","-7.1"
"CUSR0000SETA02","September 1 2023","187.650","-8.0","-1.8","-5.0","0.6","-8.0"
"CUSR0000SETA02","August 1 2023","191.078","-6.7","-1.9","-3.9","1.8","-6.7"
"CUSR0000SETA02","July 1 2023","194.701","-5.7","-1.5","1.1","2.2","-5.7"
"CUSR0000SETA02","June 1 2023","197.601","-5.3","-0.6","5.9","2.4","-5.3"
"CUSR0000SETA02","May 1 2023","198.793","-4.3","3.2","5.9","1.1","-4.3"
"CUSR0000SETA02","April 1 2023","192.647","-6.6","3.2","1.2","-4.2","-6.6"
"CUSR0000SETA02","March 1 2023","186.619","-11.0","-0.6","-3.3","-8.5","-11.0"
"CUSR0000SETA02","February 1 2023","187.711","-13.4","-1.4","-4.6","-8.4","-13.4"
"CUSR0000SETA02","January 1 2023","190.423","-11.6","-1.3","-5.3","-7.8","-11.6"
"CUSR0000SETA02","December 1 2022","193.008","-8.8","-1.9","-5.4","-7.5","-8.8"
"CUSR0000SETA02","November 1 2022","196.659","-3.4","-2.2","-4.0","-5.3","-3.4"
"CUSR0000SETA02","October 1 2022","201.171","2.0","-1.4","-2.6","-2.4","2.0"
"CUSR0000SETA02","September 1 2022","203.940","7.2","-0.4","-2.3","-2.7","7.2"
"CUSR0000SETA02","August 1 2022","204.837","7.8","-0.8","-1.4","-5.6","7.8"
"CUSR0000SETA02","July 1 2022","206.552","6.6","-1.0","0.2","-4.1","6.6"
"CUSR0000SETA02","June 1 2022","208.687","7.1","0.5","-0.5","-1.4","7.1"
"CUSR0000SETA02","May 1 2022","207.673","16.1","0.7","-4.2","2.1","16.1"
"CUSR0000SETA02","April 1 2022","206.194","22.7","-1.6","-4.3","4.6","22.7"
"CUSR0000SETA02","March 1 2022","209.646","35.3","-3.3","-1.0","10.2","35.3"
"CUSR0000SETA02","February 1 2022","216.876","41.2","0.6","6.6","14.1","41.2"
"CUSR0000SETA02","January 1 2022","215.494","40.5","1.8","9.3","11.2","40.5"
"CUSR0000SETA02","December 1 2021","211.728","37.3","4.1","11.3","8.7","37.3"
"CUSR0000SETA02","November 1 2021","203.485","31.4","3.2","7.1","13.7","31.4"
"CUSR0000SETA02","October 1 2021","197.214","26.4","3.6","1.8","17.4","26.4"
"CUSR0000SETA02","September 1 2021","190.308","24.4","0.1","-2.3","22.8","24.4"
"CUSR0000SETA02","August 1 2021","190.066","31.9","-1.9","6.2","23.7","31.9"
"CUSR0000SETA02","July 1 2021","193.734","41.6","-0.6","15.3","26.3","41.6"
"CUSR0000SETA02","June 1 2021","194.846","45.2","8.9","25.8","26.3","45.2"
"CUSR0000SETA02","May 1 2021","178.929","29.7","6.5","16.5","15.6","29.7"
"CUSR0000SETA02","April 1 2021","168.006","21.0","8.4","9.5","7.7","21.0"
"CUSR0000SETA02","March 1 2021","154.930","9.4","0.8","0.5","1.3","9.4"
"CUSR0000SETA02","February 1 2021","153.647","9.3","0.2","-0.8","6.6","9.3"
"CUSR0000SETA02","January 1 2021","153.361","10.0","-0.6","-1.7","12.1","10.0"
"CUSR0000SETA02","December 1 2020","154.216","10.1","-0.4","0.8","15.0","10.1"
"CUSR0000SETA02","November 1 2020","154.817","10.9","-0.7","7.4","12.2","10.9"
"CUSR0000SETA02","October 1 2020","155.964","11.6","2.0","14.0","12.3","11.6"
"CUSR0000SETA02","September 1 2020","152.968","10.3","6.2","14.0","8.0","10.3"
"CUSR0000SETA02","August 1 2020","144.102","3.9","5.4","4.5","2.5","3.9"
"CUSR0000SETA02","July 1 2020","136.770","-1.0","1.9","-1.5","-1.9","-1.0"
"CUSR0000SETA02","June 1 2020","134.156","-3.0","-2.7","-5.3","-4.2","-3.0"
"CUSR0000SETA02","May 1 2020","137.922","-0.5","-0.7","-1.9","-1.2","-0.5"
"CUSR0000SETA02","April 1 2020","138.890","-0.7","-2.0","-0.4","-0.6","-0.7"
"CUSR0000SETA02","March 1 2020","141.667","0.3","0.8","1.1","2.1","0.3"
"CUSR0000SETA02","February 1 2020","140.593","-1.2","0.8","0.7","1.4","-1.2"
"CUSR0000SETA02","January 1 2020","139.424","-2.0","-0.5","-0.2","0.9","-2.0"
"CUSR0000SETA02","December 1 2019","140.088","-0.1","0.4","1.0","1.3","-0.1"
"CUSR0000SETA02","November 1 2019","139.579","-0.1","-0.1","0.6","0.7","-0.1"
"CUSR0000SETA02","October 1 2019","139.701","1.1","0.7","1.1","-0.1","1.1"
"CUSR0000SETA02","September 1 2019","138.694","1.3","0.0","0.3","-1.8","1.3"
"CUSR0000SETA02","August 1 2019","138.686","0.4","0.4","0.1","-2.5","0.4"
"CUSR0000SETA02","July 1 2019","138.132","0.4","-0.1","-1.3","-2.9","0.4"
"CUSR0000SETA02","June 1 2019","138.241","0.2","-0.2","-2.1","-1.4","0.2"
"CUSR0000SETA02","May 1 2019","138.573","0.0","-0.9","-2.6","-0.9","0.0"
"CUSR0000SETA02","April 1 2019","139.895","1.5","-0.9","-1.6","1.2","1.5"
"CUSR0000SETA02","March 1 2019","141.218","2.2","-0.7","0.7","3.1","2.2"
"CUSR0000SETA02","February 1 2019","142.272","2.6","0.0","1.8","3.0","2.6"
"CUSR0000SETA02","January 1 2019","142.214","2.6","1.5","2.9","3.3","2.6"
"CUSR0000SETA02","December 1 2018","140.180","1.5","0.3","2.4","1.6","1.5"
"CUSR0000SETA02","November 1 2018","139.763","1.1","1.1","1.2","0.9","1.1"
"CUSR0000SETA02","October 1 2018","138.247","0.3","1.0","0.5","0.3","0.3"
"CUSR0000SETA02","September 1 2018","136.920","1.4","-0.8","-0.7","-0.9","1.4"
"CUSR0000SETA02","August 1 2018","138.093","0.9","0.4","-0.3","-0.4","0.9"
"CUSR0000SETA02","July 1 2018","137.608","0.5","-0.2","-0.2","-0.7","0.5"
"CUSR0000SETA02","June 1 2018","137.952","0.2","-0.4","-0.2","-0.1","0.2"
"CUSR0000SETA02","May 1 2018","138.533","0.0","0.5","-0.1","0.2","0.0"
"CUSR0000SETA02","April 1 2018","137.876","-0.5","-0.2","-0.5","0.1","-0.5"
"CUSR0000SETA02","March 1 2018","138.212","-0.7","-0.3","0.1","2.4","-0.7"
"CUSR0000SETA02","February 1 2018","138.643","-0.1","0.1","0.3","1.3","-0.1"
"CUSR0000SETA02","January 1 2018","138.559","-0.1","0.3","0.5","1.2","-0.1"
"CUSR0000SETA02","December 1 2017","138.123","-1.0","-0.1","2.3","0.3","-1.0"
"CUSR0000SETA02","November 1 2017","138.261","-1.2","0.3","1.0","-0.2","-1.2"
"CUSR0000SETA02","October 1 2017","137.803","-3.1","2.1","0.7","-0.6","-3.1"
"CUSR0000SETA02","September 1 2017","135.033","-6.8","-1.3","-1.9","-3.0","-6.8"
"CUSR0000SETA02","August 1 2017","136.875","-4.2","0.0","-1.2","-1.3","-4.2"
"CUSR0000SETA02","July 1 2017","136.872","-4.5","-0.6","-1.2","-1.4","-4.5"
"CUSR0000SETA02","June 1 2017","137.691","-5.0","-0.7","-1.1","-1.3","-5.0"
"CUSR0000SETA02","May 1 2017","138.601","-5.3","0.0","-0.1","-1.0","-5.3"
"CUSR0000SETA02","April 1 2017","138.596","-4.7","-0.5","-0.1","-2.5","-4.7"
"CUSR0000SETA02","March 1 2017","139.232","-3.1","0.4","-0.2","-3.9","-3.1"
"CUSR0000SETA02","February 1 2017","138.713","-3.7","0.0","-0.9","-2.9","-3.7"
"CUSR0000SETA02","January 1 2017","138.761","-4.1","-0.5","-2.4","-3.1","-4.1"
"CUSR0000SETA02","December 1 2016","139.457","-3.1","-0.4","-3.7","-3.7","-3.1"
"CUSR0000SETA02","November 1 2016","139.975","-3.4","-1.6","-2.0","-4.4","-3.4"
"CUSR0000SETA02","October 1 2016","142.217","-2.9","-1.8","-0.7","-2.2","-2.9"
"CUSR0000SETA02","September 1 2016","144.851","-1.8","1.4","0.0","0.8","-1.8"
"CUSR0000SETA02","August 1 2016","142.803","-3.7","-0.3","-2.5","-0.8","-3.7"
"CUSR0000SETA02","July 1 2016","143.270","-3.9","-1.1","-1.5","-0.9","-3.9"
"CUSR0000SETA02","June 1 2016","144.887","-3.1","-1.0","0.9","0.6","-3.1"
"CUSR0000SETA02","May 1 2016","146.416","-1.9","0.6","1.7","1.1","-1.9"
"CUSR0000SETA02","April 1 2016","145.475","-2.0","1.3","0.6","-0.6","-2.0"
"CUSR0000SETA02","March 1 2016","143.659","-2.7","-0.2","-0.2","-2.6","-2.7"
"CUSR0000SETA02","February 1 2016","143.979","-2.2","-0.5","-0.6","-2.9","-2.2"
"CUSR0000SETA02","January 1 2016","144.638","-0.2","0.5","-1.2","-3.0","-0.2"
"CUSR0000SETA02","December 1 2015","143.955","-1.3","-0.6","-2.4","-3.7","-1.3"
"CUSR0000SETA02","November 1 2015","144.850","-1.8","-1.1","-2.3","-3.0","-1.8"
"CUSR0000SETA02","October 1 2015","146.397","-1.7","-0.8","-1.8","-1.4","-1.7"
"CUSR0000SETA02","September 1 2015","147.554","-1.5","-0.5","-1.3","-0.1","-1.5"
"CUSR0000SETA02","August 1 2015","148.295","-0.8","-0.5","-0.7","0.7","-0.8"
"CUSR0000SETA02","July 1 2015","149.078","-0.1","-0.3","0.5","2.9","-0.1"
"CUSR0000SETA02","June 1 2015","149.480","0.4","0.1","1.2","2.5","0.4"
"CUSR0000SETA02","May 1 2015","149.290","0.2","0.6","1.4","1.2","0.2"
"CUSR0000SETA02","April 1 2015","148.404","-0.5","0.5","2.4","-0.4","-0.5"
"CUSR0000SETA02","March 1 2015","147.694","-1.3","0.3","1.3","-1.4","-1.3"
"CUSR0000SETA02","February 1 2015","147.264","-2.3","1.6","-0.2","-1.5","-2.3"
"CUSR0000SETA02","January 1 2015","144.875","-4.4","-0.7","-2.7","-2.9","-4.4"
"CUSR0000SETA02","December 1 2014","145.830","-4.3","-1.1","-2.7","-2.1","-4.3"
"CUSR0000SETA02","November 1 2014","147.488","-3.0","-1.0","-1.3","-1.0","-3.0"
"CUSR0000SETA02","October 1 2014","148.954","-1.5","-0.6","-0.2","-0.2","-1.5"
"CUSR0000SETA02","September 1 2014","149.859","-0.4","0.3","0.6","0.1","-0.4"
"CUSR0000SETA02","August 1 2014","149.472","0.0","0.2","0.3","-0.8","0.0"
"CUSR0000SETA02","July 1 2014","149.216","0.1","0.2","0.0","-1.5","0.1"
"CUSR0000SETA02","June 1 2014","148.921","0.1","-0.1","-0.5","-2.3","0.1"
"CUSR0000SETA02","May 1 2014","149.006","0.3","-0.1","-1.1","-2.0","0.3"
"CUSR0000SETA02","April 1 2014","149.217","0.4","-0.3","-1.5","-1.3","0.4"
"CUSR0000SETA02","March 1 2014","149.641","0.5","-0.7","-1.8","-0.5","0.5"
"CUSR0000SETA02","February 1 2014","150.718","0.6","-0.5","-0.8","0.8","0.6"
"CUSR0000SETA02","January 1 2014","151.535","1.2","-0.6","0.2","1.7","1.2"
"CUSR0000SETA02","December 1 2013","152.457","2.2","0.3","1.3","2.5","2.2"
"CUSR0000SETA02","November 1 2013","151.993","2.1","0.5","1.6","2.4","2.1"
"CUSR0000SETA02","October 1 2013","151.248","1.5","0.5","1.5","1.8","1.5"
"CUSR0000SETA02","September 1 2013","150.458","0.5","0.6","1.2","1.0","0.5"
"CUSR0000SETA02","August 1 2013","149.539","-0.9","0.3","0.7","-0.2","-0.9"
"CUSR0000SETA02","July 1 2013","149.058","-1.9","0.2","0.3","-0.5","-1.9"
"CUSR0000SETA02","June 1 2013","148.742","-2.3","0.2","-0.1","-0.3","-2.3"
"CUSR0000SETA02","May 1 2013","148.501","-2.0","-0.1","-0.9","-0.3","-2.0"
"CUSR0000SETA02","April 1 2013","148.577","-1.0","-0.2","-0.8","-0.3","-1.0"
"CUSR0000SETA02","March 1 2013","148.912","-0.2","-0.6","-0.2","-0.5","-0.2"
"CUSR0000SETA02","February 1 2013","149.789","-0.1","0.0","0.6","-0.7","-0.1"
"CUSR0000SETA02","January 1 2013","149.741","-0.9","0.3","0.5","-1.5","-0.9"
"CUSR0000SETA02","December 1 2012","149.243","-1.9","0.2","-0.3","-2.0","-1.9"
"CUSR0000SETA02","November 1 2012","148.932","-2.1","0.0","-1.3","-1.8","-2.1"
"CUSR0000SETA02","October 1 2012","148.986","-2.0","-0.4","-2.0","-0.7","-2.0"
"CUSR0000SETA02","September 1 2012","149.647","-1.3","-0.8","-1.7","0.3","-1.3"
"CUSR0000SETA02","August 1 2012","150.871","-0.3","-0.7","-0.5","0.7","-0.3"
"CUSR0000SETA02","July 1 2012","151.970","1.3","-0.2","1.3","0.6","1.3"
"CUSR0000SETA02","June 1 2012","152.263","2.5","0.4","2.0","0.1","2.5"
"CUSR0000SETA02","May 1 2012","151.587","3.5","1.0","1.1","-0.4","3.5"
"CUSR0000SETA02","April 1 2012","150.053","3.1","0.5","-0.7","-1.3","3.1"
"CUSR0000SETA02","March 1 2012","149.265","2.5","-0.4","-1.9","-1.6","2.5"
"CUSR0000SETA02","February 1 2012","149.893","2.5","-0.8","-1.5","-0.9","2.5"
"CUSR0000SETA02","January 1 2012","151.106","3.2","-0.6","-0.6","0.8","3.2"
"CUSR0000SETA02","December 1 2011","152.083","4.4","-0.1","0.3","2.4","4.4"
"CUSR0000SETA02","November 1 2011","152.187","5.1","0.1","0.6","3.9","5.1"
"CUSR0000SETA02","October 1 2011","151.986","5.3","0.2","1.3","4.4","5.3"
"CUSR0000SETA02","September 1 2011","151.677","5.3","0.2","2.1","4.1","5.3"
"CUSR0000SETA02","August 1 2011","151.312","5.5","0.9","3.3","3.5","5.5"
"CUSR0000SETA02","July 1 2011","149.971","5.2","1.0","3.0","2.4","5.2"
"CUSR0000SETA02","June 1 2011","148.518","4.6","1.4","2.0","2.0","4.6"
"CUSR0000SETA02","May 1 2011","146.476","3.9","0.6","0.2","1.2","3.9"
"CUSR0000SETA02","April 1 2011","145.542","2.7","-0.1","-0.6","0.9","2.7"
"CUSR0000SETA02","March 1 2011","145.646","2.3","-0.4","0.0","1.1","2.3"
"CUSR0000SETA02","February 1 2011","146.182","2.1","-0.2","1.0","1.9","2.1"
"CUSR0000SETA02","January 1 2011","146.478","2.6","0.6","1.5","2.8","2.6"
"CUSR0000SETA02","December 1 2010","145.669","4.5","0.6","1.1","2.6","4.5"
"CUSR0000SETA02","November 1 2010","144.751","6.6","0.3","0.9","2.7","6.6"
"CUSR0000SETA02","October 1 2010","144.313","8.9","0.2","1.3","1.9","8.9"
"CUSR0000SETA02","September 1 2010","144.032","12.9","0.4","1.5","1.2","12.9"
"CUSR0000SETA02","August 1 2010","143.420","14.7","0.6","1.8","0.2","14.7"
"CUSR0000SETA02","July 1 2010","142.512","16.0","0.4","0.6","-0.2","16.0"
"CUSR0000SETA02","June 1 2010","141.951","15.2","0.7","-0.3","1.8","15.2"
"CUSR0000SETA02","May 1 2010","140.952","15.0","-0.5","-1.6","3.8","15.0"
"CUSR0000SETA02","April 1 2010","141.680","16.2","-0.5","-0.8","6.9","16.2"
"CUSR0000SETA02","March 1 2010","142.377","16.5","-0.6","2.2","11.6","16.5"
"CUSR0000SETA02","February 1 2010","143.173","15.1","0.2","5.5","14.5","15.1"
"CUSR0000SETA02","January 1 2010","142.829","12.8","2.5","7.8","16.3","12.8"
